word,count
inimical,1
barrier,1
orchards,1
yestermorn,1
painters,1
feign,1
inverted,1
tripping,1
traveling,1
nourish,1
peerage,1
elocution,1
soberness,1
standards,1
undescribable,1
stupefaction,1
garters,1
pitcher,1
discordancies,1
implore,1
submissively,1
roundabout,1
blossom,1
snores,1
solaced,1
coaxed,1
intermarriage,1
reanimated,1
singling,1
irreligious,1
biting,1
didactic,1
priority,1
gazebos,1
promontories,1
richness,1
laboriously,1
necromancer,1
devoirs,1
vainer,1
wheels,1
restlessly,1
enhancement,1
chestnut,1
stations,1
rears,1
commending,1
racking,1
countenanced,1
drizzle,1
malt,1
vocal,1
spheres,1
column,1
overseers,1
daringly,1
rolls,1
condemns,1
darest,1
quarreled,1
construed,1
irretrievable,1
sympathised,1
unprosperous,1
beautifier,1
dung,1
captiously,1
postpone,1
map,1
vinegar,1
intercept,1
hornpipe,1
achieve,1
disaster,1
limb,1
sanguinely,1
clover,1
magistrates,1
pilfering,1
emancipation,1
sprawling,1
kenzies,1
febry,1
stewed,1
haunt,1
blamelessness,1
newton,1
jar,1
contusion,1
blotting,1
molland,1
immethodical,1
unimpaired,1
incorrectness,1
hasp,1
boded,1
stove,1
ascend,1
du,1
omissions,1
unfitness,1
unagreeable,1
perspective,1
reurging,1
biography,1
unsuspiciousness,1
en,1
enumerated,1
limpid,1
pomfret,1
flaming,1
roadside,1
showers,1
audacity,1
bruises,1
extraordinarily,1
headship,1
robertson,1
schemed,1
coaches,1
traffic,1
ing,1
heap,1
expiation,1
academy,1
lellans,1
averse,1
smythe,1
mischievously,1
philips,1
drives,1
reddened,1
superfine,1
varnished,1
joins,1
assorting,1
chickens,1
perceivable,1
fragment,1
papered,1
preoccupied,1
tokens,1
bedchamber,1
bearable,1
chuser,1
accompaniment,1
councillors,1
currants,1
majestically,1
dilemma,1
murderess,1
stanly,1
outstrip,1
frankly,1
prenticed,1
fork,1
marketplace,1
meekly,1
resounded,1
shrewdness,1
diffusion,1
priest,1
shaping,1
bewitches,1
deferring,1
drayton,1
hounslow,1
performs,1
savours,1
acrimony,1
exhilarated,1
deputation,1
bookish,1
lodgers,1
cripple,1
embarrass,1
reclaimed,1
throng,1
outriders,1
devotions,1
hem,1
puddings,1
etourderie,1
napkins,1
ahead,1
moralised,1
cautioned,1
longs,1
foxhounds,1
rashness,1
chamberlayne,1
repined,1
irrevocably,1
noisier,1
tore,1
cod,1
cheshire,1
horsepond,1
rigours,1
hyacinths,1
pathos,1
bragging,1
severus,1
advisers,1
discontinued,1
bridesmaids,1
extra,1
unapproachable,1
vulnerable,1
harsher,1
alphabetically,1
richest,1
milder,1
tautology,1
escritoire,1
legislature,1
mien,1
grouped,1
perturbed,1
repugnant,1
nectarines,1
speediest,1
rapacious,1
mindedness,1
component,1
felow,1
bermuda,1
trays,1
stern,1
aisles,1
reckoner,1
sandwiches,1
throws,1
preconceived,1
unexamined,1
unpolluted,1
sensiblerie,1
scream,1
crow,1
eligibilities,1
freeman,1
unsusceptible,1
pestilences,1
cell,1
regal,1
intelligences,1
stander,1
familiarised,1
industry,1
sharks,1
advertising,1
intractable,1
azure,1
gascoigne,1
sheridan,1
stuarts,1
discloses,1
denoting,1
playfellows,1
heroically,1
quotation,1
implying,1
heartless,1
rainy,1
rhine,1
complacent,1
bolts,1
experimental,1
furious,1
scrapes,1
conclusively,1
meagreness,1
canopus,1
grating,1
daemon,1
alderneys,1
fogs,1
dwellings,1
bleak,1
overboard,1
bashfulness,1
brightens,1
eastern,1
honey,1
negatived,1
derives,1
boisterously,1
superlatively,1
awakening,1
sandersons,1
autumnal,1
dissimulation,1
tauntingly,1
repulsively,1
puce,1
handles,1
fruitful,1
compression,1
andersons,1
floors,1
outdo,1
squabbling,1
actress,1
steepish,1
commoner,1
misinterpreting,1
assail,1
puff,1
neptune,1
leather,1
poplin,1
recordable,1
ignoble,1
dedicating,1
illgotten,1
obsequiousness,1
giddiness,1
encamped,1
dove,1
swarming,1
wicket,1
orange,1
governance,1
corporal,1
loins,1
avocations,1
chapels,1
persuadableness,1
exhaustless,1
celery,1
sucking,1
cabinets,1
churchwardens,1
justifies,1
underdone,1
wynna,1
vogue,1
stubbornness,1
eastbourne,1
omits,1
survival,1
hampshire,1
twill,1
dissolving,1
mistaking,1
marshal,1
wells,1
wm,1
greenhouse,1
expiring,1
thunder,1
benefactors,1
legacied,1
chronological,1
parody,1
epoch,1
mustard,1
perceptions,1
methodically,1
pudding,1
mercenery,1
inheritress,1
involantary,1
dunbeath,1
resentments,1
upbraiding,1
discoverable,1
sheweth,1
smother,1
durands,1
liveried,1
relator,1
doge,1
noses,1
devotedly,1
drifting,1
salting,1
goodly,1
confidantes,1
sneers,1
platonic,1
isobel,1
leods,1
pullets,1
battles,1
pest,1
venting,1
unvisited,1
hemmed,1
opposer,1
panels,1
straw,1
easton,1
confines,1
doubtfully,1
abolition,1
deducted,1
compensate,1
pernicious,1
excells,1
imprudencies,1
servt,1
chin,1
originate,1
overflows,1
worcester,1
demesne,1
deliberate,1
unsuitableness,1
holford,1
exchanging,1
gloucester,1
dimming,1
beast,1
assignment,1
compartment,1
unoccupied,1
squadron,1
monasteries,1
serpentine,1
raw,1
reckonings,1
supplementary,1
alienate,1
wantonness,1
puddle,1
treats,1
nailed,1
dusty,1
sullenness,1
presto,1
cliveland,1
betrays,1
accomodate,1
interpose,1
discontinuance,1
worsting,1
perpetuated,1
tying,1
sandwich,1
buffoonery,1
boards,1
palpitating,1
whereby,1
predisposed,1
salutary,1
benumbed,1
custard,1
fidgeting,1
commandingly,1
reticule,1
crediting,1
instituted,1
insisting,1
forborne,1
dimity,1
rhubarb,1
davis,1
inflated,1
mythology,1
cornwall,1
purer,1
snipe,1
altercation,1
demurs,1
exceeds,1
constitutions,1
aggression,1
readier,1
luncheon,1
revision,1
intervention,1
replaced,1
document,1
eternity,1
cedar,1
semi,1
vulgarisms,1
root,1
maps,1
beavers,1
curry,1
moralist,1
discernible,1
crammed,1
gad,1
kindle,1
conductor,1
harbours,1
preciseness,1
straying,1
cadet,1
wakefulness,1
chasing,1
fluctuation,1
destin,1
unmarried,1
fidgetiness,1
entitling,1
limes,1
prophetically,1
thrashing,1
defamed,1
answerit,1
mince,1
larder,1
dishonourable,1
contrariwise,1
winters,1
reprieve,1
revelled,1
noblemen,1
stirrups,1
regale,1
scalloped,1
revengeful,1
chilling,1
depictured,1
martyrs,1
grocer,1
repartees,1
yawned,1
stirs,1
unfold,1
invectives,1
verdicts,1
queensberry,1
prescience,1
wittiest,1
rescued,1
gale,1
scheherazade,1
tasteful,1
decried,1
trebling,1
eleanors,1
stammering,1
thereon,1
capriciousness,1
testifies,1
haunting,1
aids,1
engages,1
exacting,1
relaxed,1
adorn,1
mounteagle,1
revenging,1
squeamish,1
duel,1
aggrandizement,1
gracefulness,1
dispatches,1
tattered,1
spoils,1
significance,1
taylors,1
realization,1
decipher,1
oiled,1
churchyard,1
flags,1
rehearsers,1
infelicity,1
pennyworth,1
boasts,1
checker,1
baly,1
otways,1
immensely,1
positions,1
suggests,1
subservient,1
conflicts,1
ibbotsons,1
inadvertencies,1
frequented,1
antique,1
unacceptable,1
inactivity,1
qualify,1
improvidently,1
abscond,1
essence,1
glazing,1
congenial,1
enlarging,1
decamping,1
hotels,1
sounding,1
nimbly,1
subterraneous,1
booted,1
stanwix,1
exigeant,1
corrupting,1
securities,1
arises,1
frightfully,1
exiled,1
watson,1
population,1
joseph,1
transact,1
ivory,1
packs,1
alternatives,1
reined,1
julias,1
passport,1
languished,1
cheeses,1
poachers,1
cave,1
ardours,1
gliding,1
incompetency,1
treble,1
spinster,1
paris,1
applauding,1
alleviate,1
missish,1
notices,1
surfaces,1
applicant,1
juncture,1
dawning,1
universe,1
farrier,1
meetly,1
cocoa,1
barking,1
vivant,1
ally,1
jewellers,1
pills,1
interminable,1
redundancies,1
mermaids,1
infinity,1
delegating,1
ungratefull,1
heiresses,1
dishonesty,1
ante,1
contingent,1
clogged,1
appreciation,1
triumphs,1
reseeing,1
ceremonial,1
quizzers,1
plausibility,1
beech,1
starling,1
calendar,1
sages,1
unbiassed,1
perpetrators,1
holboun,1
protestant,1
societies,1
headquarters,1
barouches,1
sobbed,1
lameness,1
enthusiast,1
apprised,1
villas,1
blew,1
coinciding,1
needlefuls,1
retrospection,1
compactness,1
overborne,1
fluctuations,1
heritage,1
dumplings,1
sack,1
robin,1
saffron,1
involvement,1
dorking,1
inconsideration,1
eoconomical,1
unoffending,1
galloped,1
emphatic,1
adept,1
bewailed,1
tent,1
disclose,1
compromised,1
projection,1
insufficiency,1
chuckle,1
fragments,1
dismembered,1
laundress,1
colonnade,1
launched,1
depressing,1
blanks,1
sprinkled,1
tightened,1
idlest,1
concerts,1
hautboys,1
excelled,1
stedfast,1
latch,1
extenuating,1
nettled,1
reviewer,1
patents,1
trustiest,1
holly,1
atkinson,1
milton,1
hounds,1
schoolfellows,1
leicestershire,1
unravelled,1
achievements,1
lean,1
reentered,1
thriving,1
matting,1
overrating,1
indissoluble,1
feasted,1
youngster,1
villanous,1
pittance,1
scampering,1
laconic,1
bosoms,1
blemish,1
walnut,1
tinkling,1
uncensured,1
coquelicot,1
quell,1
dejectedly,1
courteney,1
raged,1
consummate,1
manorial,1
distrusting,1
coals,1
mustered,1
fro,1
stricken,1
misconstrued,1
minister,1
disencumbered,1
monster,1
ridiculously,1
alleviated,1
benefiting,1
endeavor,1
hostile,1
enquirer,1
beads,1
quota,1
lucidly,1
switzerland,1
accidents,1
arcturus,1
employer,1
hashes,1
tenderer,1
commissions,1
busiest,1
wreath,1
sitters,1
gloomily,1
independance,1
girlishly,1
bullen,1
humourous,1
lett,1
dictates,1
hatfield,1
incautiousness,1
swollen,1
tranquilize,1
correction,1
spine,1
racks,1
surer,1
ruder,1
disquisition,1
cocked,1
overthrew,1
steaks,1
unadvisable,1
unblushing,1
rites,1
superintendence,1
healthfulness,1
beamed,1
morley,1
tapping,1
falter,1
comforters,1
purvey,1
mizzling,1
violating,1
rusticities,1
temporally,1
profiles,1
inarticulately,1
shipped,1
permanency,1
unexpensively,1
waltzes,1
despoiling,1
predetermined,1
stewing,1
coughs,1
piling,1
counting,1
uncompanionable,1
favor,1
carpets,1
aroused,1
disapproves,1
practiced,1
whitakers,1
brooding,1
advertise,1
cuts,1
pierced,1
bestows,1
wagon,1
hen,1
dramatic,1
theoretical,1
institutionary,1
flock,1
craig,1
softest,1
thanker,1
frets,1
detrimental,1
jumps,1
bracelets,1
amazes,1
predominance,1
faintness,1
inventive,1
abominates,1
fund,1
immeasurable,1
poultice,1
stimulant,1
india,1
retook,1
aggregate,1
reservation,1
cogitation,1
woollen,1
mule,1
guidable,1
vindicate,1
principality,1
expostulation,1
monthly,1
jewel,1
wonderer,1
snatched,1
undeviating,1
uncoquettish,1
precincts,1
cowardly,1
moans,1
disoblige,1
starched,1
sated,1
determinateness,1
birthright,1
negus,1
scantily,1
ungentlemanlike,1
consents,1
palliate,1
flighty,1
extempore,1
develop,1
inoffensive,1
unaware,1
savage,1
uncontrolled,1
dale,1
valid,1
definite,1
outraged,1
sellers,1
encroachments,1
conjunctions,1
resort,1
melted,1
obtrusive,1
desist,1
flush,1
lascelle,1
bribed,1
apiece,1
companionably,1
expresses,1
intirely,1
arc,1
pyramids,1
biddy,1
compares,1
infuse,1
scampered,1
unforgivingness,1
phrases,1
kin,1
drunken,1
atrocities,1
stillness,1
sicily,1
wooed,1
abating,1
inebriety,1
untowardly,1
cabbage,1
pent,1
stabbed,1
insinuates,1
purloined,1
bosworth,1
villians,1
chatsworth,1
insatiable,1
newer,1
trent,1
vine,1
abydos,1
notoriety,1
gallants,1
mechlin,1
weathers,1
query,1
disparagement,1
sharpen,1
drudge,1
uninterruptedly,1
expeditious,1
knee,1
precludes,1
heelpeiced,1
puffed,1
cents,1
decorums,1
frisks,1
eliot,1
illaudable,1
disastrous,1
pry,1
wooden,1
unmodernized,1
nosegay,1
mightily,1
hare,1
foes,1
chilled,1
disobedience,1
sneyds,1
coachmanship,1
recipe,1
tinge,1
assemble,1
unspoilt,1
flurry,1
patriae,1
phersons,1
boulanger,1
silliest,1
irregularity,1
trades,1
surface,1
frock,1
marauding,1
unprompted,1
irreverently,1
unfeignedly,1
apparatus,1
moralising,1
theodore,1
toad,1
sallies,1
degenerate,1
costing,1
alliterative,1
whitehall,1
lustily,1
tuned,1
moan,1
schoolmaster,1
portrayed,1
tarnished,1
gamekeeper,1
lecturer,1
nest,1
principled,1
oysters,1
curled,1
unadorned,1
agriculture,1
mayoralty,1
douceur,1
weasel,1
vehement,1
au,1
protests,1
recoverable,1
clause,1
flatness,1
signet,1
esprit,1
disarmed,1
worships,1
dwindle,1
clandestinely,1
clayton,1
misbehave,1
kite,1
carte,1
hautboy,1
ostalis,1
disappearing,1
confering,1
morris,1
upbraided,1
chagrin,1
precluding,1
anthology,1
departures,1
retrenchments,1
retrenching,1
mackenzie,1
unconsidered,1
purification,1
waive,1
outright,1
sipped,1
hedgerow,1
badge,1
vowel,1
yeomanry,1
capacities,1
waded,1
necessitated,1
posterity,1
masterpiece,1
palm,1
bee,1
irritability,1
bely,1
alienations,1
paths,1
precepts,1
revel,1
reared,1
gazes,1
courageously,1
flavoured,1
itch,1
supplicated,1
accommodated,1
organ,1
blues,1
extricated,1
dignities,1
successless,1
melodies,1
retribution,1
composer,1
ms,1
relinquishment,1
unconsciousness,1
professionally,1
sophys,1
reviewers,1
reputable,1
area,1
disagreed,1
beet,1
conceptions,1
purest,1
buttons,1
qualifying,1
almane,1
martyr,1
mouldering,1
diana,1
deliberated,1
inhabiting,1
brotherliness,1
smarting,1
corrective,1
jackonet,1
halloo,1
eased,1
faggot,1
stoves,1
supineness,1
circuitous,1
duenna,1
templars,1
slaving,1
berth,1
indefensible,1
indignities,1
jeffereys,1
useable,1
impair,1
represents,1
fatherly,1
insolently,1
rouges,1
suffciently,1
grapes,1
bribe,1
gossiping,1
plait,1
delicacies,1
monopolize,1
anymore,1
forbad,1
frames,1
robbers,1
charging,1
defunct,1
brighten,1
dilapidations,1
risked,1
privateer,1
heightenings,1
regardful,1
unspent,1
curs,1
hairdresser,1
unexceptionably,1
worshipped,1
forgetfullness,1
aspersed,1
perspiration,1
ductility,1
taciturn,1
paradox,1
ironies,1
armadas,1
html,1
famed,1
rumble,1
baths,1
translate,1
barometer,1
splashed,1
foregrounds,1
pane,1
stephen,1
crib,1
overnight,1
enmity,1
vouches,1
encore,1
conjunction,1
trait,1
imitated,1
premeditation,1
cummin,1
premise,1
iddesleigh,1
arrives,1
leagued,1
humiliations,1
unsoftened,1
treason,1
sympathized,1
beach,1
proviso,1
saddler,1
constable,1
overacting,1
confidentially,1
appreciating,1
crayon,1
unceremoniousness,1
drunkenness,1
deafer,1
instruments,1
disingenuousness,1
baskets,1
fresco,1
dethrone,1
rightful,1
controverted,1
masterly,1
tardy,1
auditor,1
oftentimes,1
discontentedness,1
modify,1
misuse,1
mirrors,1
imitating,1
trot,1
anxiousness,1
rallying,1
dramatis,1
tainted,1
questioning,1
subscriber,1
buyings,1
irresistibly,1
blanche,1
flocks,1
dating,1
prolongation,1
abjectly,1
stripling,1
allegretto,1
resides,1
paining,1
characteristics,1
articulation,1
fascinating,1
demeanor,1
auditors,1
baited,1
unformed,1
surname,1
proverbs,1
acknowledgements,1
handbarrow,1
irreproachably,1
snatching,1
grammatical,1
allay,1
defaming,1
vexing,1
pigs,1
resounding,1
tackle,1
remembrancer,1
superintends,1
infected,1
impeaching,1
plaster,1
blister,1
cupboards,1
transgressions,1
vehemently,1
sarsenet,1
draft,1
fretting,1
adjourned,1
absences,1
figured,1
approver,1
dwindled,1
memorandum,1
nourishing,1
k,1
symbol,1
intrepidity,1
realities,1
reporting,1
lighten,1
circumventing,1
irritating,1
guiltless,1
unturned,1
prudish,1
manteau,1
enrolled,1
repute,1
laborious,1
greensward,1
dreams,1
exculpate,1
pence,1
stuffy,1
retains,1
commonplaces,1
henshawe,1
hale,1
realized,1
captures,1
sultaness,1
gunsmith,1
overdrawn,1
devourer,1
cities,1
pheasant,1
sickroom,1
plunging,1
grease,1
impolite,1
mediocre,1
insane,1
genlis,1
shackles,1
staymaker,1
concerting,1
sprightliness,1
diary,1
confusedly,1
credulous,1
faring,1
pear,1
admiralty,1
cockleshell,1
hammer,1
maturity,1
machinations,1
novelist,1
dignifies,1
tuscany,1
laziness,1
dimly,1
alehouses,1
englishman,1
languish,1
felling,1
beaufet,1
pedal,1
banking,1
thirded,1
recount,1
meandered,1
monotonous,1
casual,1
super,1
hartshorn,1
pavements,1
tamboured,1
outset,1
agricola,1
supernatural,1
puny,1
vie,1
spikes,1
cetera,1
jolt,1
sustain,1
motes,1
completest,1
obtruding,1
prisoner,1
achievement,1
gestures,1
mat,1
reprove,1
induces,1
deceitfull,1
scandals,1
stupider,1
slit,1
postponed,1
sugar,1
plums,1
umpire,1
woes,1
unintricate,1
shines,1
champion,1
tablets,1
basins,1
philippics,1
augmentation,1
mildest,1
caviller,1
perused,1
lancastrians,1
clime,1
capt,1
implicitness,1
fervently,1
ablest,1
intimated,1
significancy,1
decencies,1
repack,1
undesired,1
gleaning,1
mourner,1
scarecrows,1
legible,1
unpin,1
spaciousness,1
uncritical,1
central,1
trifler,1
featured,1
couplet,1
feigning,1
band,1
fluttering,1
woodville,1
villiers,1
cleanse,1
lyster,1
malignant,1
proportionately,1
endeavors,1
exemplify,1
rowed,1
breathings,1
slip,1
trinkets,1
authoress,1
giant,1
requisites,1
insights,1
huntsman,1
cotillion,1
tombstones,1
detachment,1
convicted,1
scatter,1
goers,1
pews,1
vented,1
geese,1
crowsfoot,1
sped,1
responsibility,1
flogging,1
prizing,1
seminary,1
nestled,1
wording,1
sleety,1
magestic,1
culled,1
accusing,1
communicativeness,1
spanish,1
conjure,1
mysteriousness,1
oaths,1
waft,1
bridle,1
unclouded,1
region,1
abounding,1
bane,1
saucer,1
unmodulated,1
repellent,1
deafness,1
slumbering,1
capitalisations,1
mischeif,1
navigator,1
pulvis,1
recasting,1
garret,1
patches,1
burden,1
emblem,1
grated,1
morally,1
nuisances,1
texel,1
docile,1
unrequited,1
queernesses,1
dishonestly,1
expressione,1
darkwood,1
sworn,1
revered,1
plant,1
illustrated,1
disincline,1
quizzes,1
expensively,1
towers,1
hoard,1
package,1
inventory,1
commiserating,1
lounger,1
prosings,1
beaming,1
sublime,1
hems,1
ungenial,1
abbott,1
mournfull,1
ofa,1
repel,1
brush,1
disbelief,1
unamused,1
baronight,1
attain,1
converts,1
contriver,1
europe,1
apostrophe,1
unengaged,1
banbury,1
newmarket,1
bangs,1
foretelling,1
petticoats,1
bar,1
ratifying,1
compts,1
commendable,1
unwearying,1
canvas,1
recognizing,1
reanimate,1
violoncello,1
waived,1
emendation,1
shipwrecked,1
dormouse,1
inferiors,1
classic,1
confides,1
eternally,1
relieves,1
greediness,1
rhapsodising,1
printers,1
scrap,1
perchance,1
blotted,1
shifts,1
floated,1
stale,1
leicester,1
exeunt,1
starve,1
brooking,1
exasperating,1
parmaceti,1
abounded,1
frightens,1
honorably,1
philippic,1
heats,1
disengaging,1
contributes,1
grammar,1
goer,1
rickety,1
fearlessly,1
shrub,1
toilets,1
paul,1
fired,1
unrepulsable,1
fortuitous,1
defies,1
entrapped,1
tupmans,1
incautiously,1
courier,1
illustrious,1
healing,1
stimulated,1
inserting,1
courtships,1
frosty,1
calculates,1
clogs,1
irrecoverably,1
questioner,1
incompetent,1
centuries,1
scrubby,1
cumbersome,1
unfastidious,1
accumulations,1
curve,1
plotting,1
unforseen,1
hollowed,1
crushing,1
survivor,1
acutest,1
distraction,1
flutterings,1
problems,1
inaugurated,1
competitors,1
casino,1
valet,1
reprobates,1
inexpensive,1
vaults,1
brock,1
glimmer,1
vol,1
claret,1
unquietness,1
cribbage,1
wilfulness,1
unguardedly,1
moderated,1
lookout,1
vitiated,1
ulcerated,1
styles,1
sickens,1
assaulted,1
atom,1
luvis,1
covies,1
mohrs,1
indulges,1
turnings,1
proprietors,1
inaction,1
steal,1
incomprehensibility,1
cookery,1
griping,1
adoption,1
diffuses,1
quarto,1
appropriation,1
rumination,1
saddle,1
holyhead,1
arthur,1
standers,1
winningly,1
sciences,1
hereby,1
feuillide,1
besought,1
saluting,1
roasting,1
malbrook,1
censuring,1
cheating,1
despicably,1
retrospective,1
dobson,1
cuffs,1
clink,1
immortality,1
sufferance,1
smirk,1
harness,1
padlock,1
awfulness,1
comers,1
heartache,1
unintelligibly,1
ridiculed,1
tottering,1
dispiriting,1
undismayed,1
flambeaus,1
extacy,1
parker,1
superintended,1
pioneer,1
gallop,1
partook,1
curtsying,1
inferiorities,1
carpentered,1
certify,1
journaling,1
popes,1
equitable,1
emperors,1
singers,1
promptly,1
recommendatory,1
thumping,1
stampt,1
controllable,1
encourager,1
trident,1
blinder,1
wholesomeness,1
unpermitted,1
voted,1
dela,1
implored,1
warleigh,1
seaton,1
ennight,1
applies,1
attics,1
remodelled,1
boisterous,1
reservedness,1
theft,1
duplicate,1
commonwealth,1
lieve,1
preconcerted,1
shirked,1
monk,1
sliding,1
discreeter,1
latitude,1
slowness,1
reunion,1
particularise,1
mails,1
ripening,1
crushed,1
cath,1
shafts,1
rouged,1
iniquity,1
admonishing,1
inferences,1
impenetrably,1
pynes,1
fertile,1
yeomen,1
marmion,1
porch,1
preponderated,1
sleeper,1
pitiless,1
sobbing,1
dwells,1
damask,1
preassured,1
holla,1
courts,1
scepticism,1
victims,1
pertinacity,1
swoons,1
christendom,1
trickle,1
separates,1
obsequious,1
chagrined,1
profited,1
misapplied,1
legacies,1
unfathomable,1
approachable,1
credible,1
counteracting,1
rut,1
endurances,1
beggar,1
eulogized,1
pocketbook,1
recess,1
emulation,1
wages,1
jefferies,1
unmercifully,1
indefinable,1
fearfulness,1
despatches,1
creditor,1
routine,1
pan,1
visitings,1
wax,1
abdy,1
foreboded,1
familiarise,1
tremblingly,1
execrable,1
dissapointed,1
splendor,1
drains,1
homestall,1
precluded,1
lashed,1
turban,1
stricter,1
harmonised,1
sponges,1
durability,1
harshness,1
slavery,1
appointments,1
obtrude,1
coroneted,1
ignobly,1
outlandish,1
feb,1
royal,1
disagreeably,1
shrug,1
humored,1
shortened,1
errs,1
personableness,1
scientific,1
romancing,1
fulness,1
aspiring,1
loiter,1
prediction,1
servile,1
revert,1
consults,1
scottish,1
disquieted,1
pining,1
disdaining,1
cleopatra,1
emulate,1
dispensing,1
foils,1
erase,1
wave,1
goulding,1
endeavoring,1
palanquins,1
humouring,1
wildest,1
allows,1
rhodomontade,1
macartney,1
speakingly,1
undoing,1
inspiriting,1
sufferable,1
antidote,1
abbots,1
braithwaites,1
gala,1
ordinarily,1
denotes,1
outrage,1
awes,1
chili,1
crosser,1
compress,1
solomon,1
dependance,1
inhuman,1
joan,1
frighted,1
emphasised,1
upton,1
compromising,1
manoeuvred,1
mockery,1
overturn,1
habituated,1
humming,1
sleeplessness,1
shallow,1
crowns,1
domesticated,1
conceits,1
saucers,1
gloss,1
methodists,1
sup,1
inspiration,1
amor,1
unpretty,1
eclipse,1
apeice,1
accuracy,1
therein,1
contrariety,1
militated,1
mab,1
comings,1
stylish,1
originals,1
unsisterly,1
spinnet,1
braids,1
hummed,1
florid,1
porters,1
exile,1
postman,1
chilblains,1
drills,1
undauntedly,1
hopped,1
studier,1
scope,1
persists,1
importuned,1
merrier,1
ancestry,1
heaped,1
unperplexed,1
louisas,1
width,1
breadth,1
relaxation,1
scrambled,1
tenderhearted,1
princes,1
banter,1
heartiest,1
schoolboy,1
tattle,1
corn,1
boastful,1
enumerate,1
inexcusably,1
unparalelled,1
nightcap,1
haye,1
prettyish,1
markedly,1
rug,1
extant,1
littlenesses,1
humbler,1
witch,1
counterpoise,1
warped,1
strings,1
complainer,1
remoteness,1
debar,1
persona,1
dialogues,1
anonymous,1
usk,1
bricklayer,1
percy,1
westbrook,1
undirected,1
cartwright,1
singleness,1
easterly,1
embers,1
parasols,1
responses,1
pangloss,1
panes,1
irregularly,1
pointedness,1
confidences,1
giggle,1
langham,1
saunders,1
cartneys,1
inviolable,1
beckoned,1
willfully,1
imperturbably,1
campful,1
brevity,1
oppressively,1
festival,1
imprint,1
atoning,1
z,1
thames,1
spicers,1
sidmouth,1
erring,1
transposed,1
gnawing,1
stages,1
storehouse,1
potions,1
tack,1
crimson,1
chilly,1
skins,1
cramer,1
twinkling,1
mum,1
unsimpathetic,1
disturbances,1
crumbles,1
unsocial,1
inspires,1
stiff,1
rumours,1
dinings,1
corpse,1
milestones,1
diffusely,1
temptingly,1
larch,1
inequalities,1
branxholm,1
inconceivably,1
errant,1
ditch,1
refuted,1
specious,1
velocity,1
edwards,1
impurities,1
simpers,1
legends,1
intentional,1
murray,1
praiseworthy,1
distressfully,1
likening,1
similes,1
thinness,1
broth,1
zigzags,1
patriotism,1
deedily,1
linguist,1
waives,1
institute,1
milkiness,1
merciless,1
dazzle,1
northumberland,1
pembrokeshire,1
gaped,1
canterbury,1
abstracted,1
wreck,1
concussion,1
unfeudal,1
baronetcies,1
covet,1
tearing,1
splashing,1
withstanding,1
assassins,1
wheel,1
retraced,1
sparkle,1
uprightly,1
selfishly,1
cockade,1
fastening,1
portioning,1
indicative,1
westerham,1
unallied,1
restriction,1
revealment,1
trudge,1
betimes,1
tight,1
plight,1
substitution,1
cleansed,1
obviously,1
scud,1
bolt,1
slipping,1
dishonourably,1
notification,1
hindered,1
upstarts,1
washed,1
officiating,1
combined,1
evinced,1
accords,1
corroboration,1
degraded,1
intercepting,1
groans,1
trap,1
couch,1
animosities,1
curtsy,1
examinations,1
torments,1
orthography,1
concentrating,1
fitter,1
breaths,1
stealth,1
solitarily,1
hurting,1
wherefore,1
rowling,1
condescendingly,1
fourteenth,1
assistants,1
ordering,1
tressels,1
wheedled,1
invigorating,1
skies,1
locks,1
apologizing,1
ornamental,1
knowingly,1
reciting,1
douglas,1
depreciation,1
soliloquies,1
garrick,1
boil,1
accrued,1
pistolletta,1
softener,1
unread,1
incurious,1
petted,1
trimmings,1
famously,1
augured,1
thrilling,1
groping,1
diligently,1
faculty,1
shins,1
kindnesses,1
breezes,1
plaintively,1
portfolio,1
ciphers,1
wonderings,1
passant,1
pembroke,1
perverted,1
affirmed,1
track,1
unseldom,1
retailing,1
villainous,1
cradles,1
dover,1
intrinsically,1
electrified,1
priced,1
slam,1
unfledged,1
toilsome,1
flirtations,1
mayst,1
fowl,1
observers,1
dismount,1
wanderings,1
stoutest,1
mercantile,1
unostentatious,1
dispensed,1
assorted,1
distasteful,1
wardrobe,1
complyed,1
science,1
conversible,1
muttered,1
callers,1
multiply,1
abdication,1
lantern,1
reposing,1
participate,1
appreciated,1
unsophisticated,1
recitals,1
stall,1
dissentient,1
birthday,1
waiving,1
adventurous,1
acrostic,1
vouchsafing,1
turkeys,1
lengthening,1
covent,1
wilfull,1
christening,1
informality,1
repelled,1
debut,1
inheritor,1
wooded,1
transparency,1
joked,1
smartness,1
digress,1
residents,1
attorneys,1
emitted,1
fiend,1
measurements,1
unthinking,1
worshipping,1
circular,1
corals,1
extenuations,1
flexibility,1
perjured,1
pliancy,1
bass,1
condescends,1
jestingly,1
disfigured,1
strip,1
discomfited,1
detestation,1
ambiguous,1
tremors,1
culpable,1
exteriors,1
politician,1
lets,1
breaks,1
ware,1
galloping,1
conceals,1
maiden,1
depth,1
embitter,1
chasms,1
disdainful,1
grandchildren,1
politicians,1
reverential,1
dresden,1
prognostications,1
foliage,1
ledge,1
simper,1
skipping,1
appropriating,1
operating,1
denials,1
drifted,1
inseparably,1
cameos,1
storeroom,1
perfidious,1
stuart,1
extacies,1
vingt,1
temporizing,1
proclaiming,1
unresisted,1
imprudently,1
unselfish,1
aristocratic,1
misconceived,1
ellis,1
gallantly,1
mainmast,1
catchword,1
inasmuch,1
medicinal,1
disinterestedly,1
unclosing,1
spencer,1
embroiled,1
coincided,1
puddles,1
misused,1
grossest,1
drooping,1
austin,1
pointers,1
emergency,1
worsted,1
sweeps,1
devoured,1
peals,1
cobwebs,1
rendezvous,1
firstly,1
wasteful,1
dawdle,1
disqualified,1
propria,1
postmark,1
mounts,1
exhibitions,1
flatterers,1
trampers,1
harmonise,1
pulmonary,1
jupiter,1
yorkists,1
trembles,1
neices,1
sallied,1
brunton,1
victorian,1
spraining,1
summarily,1
insurgents,1
bother,1
marquis,1
romancers,1
albion,1
sleeps,1
posting,1
acquits,1
predestined,1
rouses,1
seamanship,1
balmy,1
repayment,1
cour,1
deploring,1
sticks,1
yawning,1
afresh,1
advocates,1
assess,1
beasts,1
gaucherie,1
contractions,1
pooles,1
emulating,1
oral,1
tenour,1
incredulously,1
developing,1
dormant,1
unmitigated,1
unseasonably,1
niceness,1
sob,1
politest,1
jumble,1
sails,1
relented,1
baronne,1
indefferent,1
guards,1
blowsy,1
dispelling,1
glove,1
items,1
hazy,1
kingham,1
dote,1
allowably,1
leet,1
reciter,1
unfrequency,1
shod,1
humanely,1
rendez,1
corruption,1
columella,1
olives,1
decrying,1
oblong,1
secession,1
beautified,1
losers,1
embody,1
indiaman,1
subordination,1
urbanity,1
hows,1
presides,1
delightfull,1
allotted,1
eoconomy,1
reposed,1
strictures,1
captivation,1
retail,1
palings,1
officiously,1
waggons,1
recanting,1
odds,1
alfred,1
paved,1
strained,1
rattled,1
underhand,1
closeness,1
cheif,1
invisible,1
pawn,1
relinquish,1
infliction,1
battled,1
putter,1
elizabeths,1
sway,1
flung,1
undeservedly,1
undistinguished,1
deadened,1
roundly,1
courageous,1
plot,1
rack,1
impulses,1
instructing,1
blacken,1
requisitions,1
unfastened,1
anchorage,1
distracting,1
stops,1
racing,1
hobby,1
nightly,1
supposititious,1
druggist,1
guides,1
esquire,1
surround,1
barbarism,1
recited,1
espalier,1
argumentative,1
unanswerably,1
buttered,1
gentlest,1
gaudy,1
impoverishing,1
uncouth,1
erect,1
edifices,1
leaped,1
evidences,1
forgo,1
sulkiness,1
demesnes,1
kindheartedness,1
worries,1
thankless,1
ribband,1
hyperbolical,1
fathomed,1
precarious,1
faulkland,1
perseveringly,1
officiousness,1
merged,1
panel,1
recommencing,1
chaperone,1
undisputed,1
pinery,1
scullery,1
farce,1
downy,1
roofs,1
gregorys,1
banging,1
loathings,1
stanza,1
pastures,1
slanderous,1
poco,1
hampden,1
blots,1
abiding,1
spiteful,1
exaggerate,1
speculative,1
covenant,1
ranging,1
saleable,1
superiorities,1
national,1
indescribably,1
fittest,1
inkstand,1
fountainhead,1
wheat,1
inflamed,1
baits,1
persuasively,1
educate,1
whimper,1
lawfull,1
overturning,1
capped,1
grasp,1
immoral,1
obeisance,1
dazzling,1
kenilworth,1
oft,1
wherein,1
ennoble,1
regaling,1
granting,1
habitude,1
incomprehensibly,1
scare,1
vouchers,1
ascends,1
humorous,1
jacksons,1
concentrated,1
manchester,1
venice,1
seaside,1
madly,1
vaux,1
hatton,1
gulf,1
coxcombs,1
obviating,1
inure,1
harasses,1
watchman,1
streightens,1
relax,1
lute,1
epitaph,1
crosbie,1
marines,1
unproductive,1
devices,1
unpunctuality,1
bedtime,1
outcry,1
nonsenses,1
confers,1
ushured,1
werter,1
releiving,1
cherishes,1
clump,1
friendlier,1
connived,1
switch,1
printshop,1
brand,1
harassing,1
countess,1
norval,1
countrywoman,1
distinguishable,1
newbury,1
crosses,1
mourners,1
tupman,1
rubbers,1
al,1
rashly,1
instructive,1
dwarf,1
faithless,1
bequeathing,1
stanzas,1
initial,1
simpson,1
gibson,1
domingo,1
deducting,1
recognise,1
herald,1
parry,1
unprivileged,1
eulogium,1
debility,1
leader,1
senior,1
hurtful,1
carrot,1
homewards,1
grammarian,1
badly,1
workbasket,1
cupid,1
hursts,1
rambled,1
diffuseness,1
alcoves,1
inquisitiveness,1
ostentatiously,1
toiling,1
exalt,1
challenging,1
unthinkingly,1
valancourt,1
villains,1
wheeled,1
pattened,1
vista,1
spouting,1
greasy,1
embodied,1
agricultural,1
forswear,1
tan,1
theatres,1
reveals,1
wager,1
ve,1
unfatherly,1
fearlessness,1
enclosures,1
whine,1
mar,1
retarding,1
darings,1
cooperate,1
uninhabited,1
sweat,1
venerating,1
mourn,1
uninvited,1
unappropriated,1
tragedies,1
agathas,1
rivalry,1
modernised,1
constrain,1
pollards,1
coddling,1
precedes,1
supercilious,1
despises,1
meanest,1
narrowest,1
turnpikes,1
ashworth,1
jointed,1
warranted,1
elude,1
clumsy,1
brethren,1
abridger,1
slabs,1
compassionately,1
customs,1
scratched,1
oliver,1
fixedly,1
awaiting,1
dangerously,1
notch,1
fold,1
snored,1
macbeths,1
intrust,1
laud,1
likeable,1
sunny,1
newspapermen,1
crape,1
fors,1
enlighten,1
unsearched,1
buck,1
bearings,1
bridgets,1
fellowship,1
stucco,1
smartened,1
recantation,1
desultory,1
scouted,1
pronouns,1
gaiters,1
league,1
exploit,1
trespassing,1
pretense,1
circumspect,1
goodson,1
mammas,1
expire,1
titles,1
distracts,1
duet,1
rosy,1
reprimanding,1
spy,1
preceeding,1
fingering,1
brabourne,1
pasture,1
mingle,1
seducer,1
desirably,1
nevertheless,1
fragmented,1
slumbers,1
evincing,1
idling,1
trice,1
modulation,1
floating,1
debased,1
sluggish,1
ult,1
italics,1
opprobious,1
bravissimo,1
annulling,1
anniversary,1
impressing,1
bromley,1
political,1
decently,1
empties,1
voluminous,1
engagingly,1
havoc,1
vegetation,1
gentilities,1
vindicated,1
weakly,1
applause,1
frocks,1
synonymously,1
youths,1
partridges,1
domiciled,1
steepest,1
playthings,1
resists,1
enforcement,1
excursive,1
pallid,1
threatenings,1
knot,1
magdalen,1
elucidated,1
dimness,1
dishabille,1
childless,1
appertaining,1
inspirit,1
finessing,1
circulate,1
belied,1
agincourt,1
anjou,1
jilt,1
sentinel,1
flatters,1
intervening,1
discriminating,1
eventful,1
squeezed,1
oriel,1
perspectives,1
counterpane,1
blessedness,1
jilted,1
silversmith,1
spoon,1
imaginist,1
vexes,1
dew,1
steadfastness,1
ellinor,1
resemblances,1
digressions,1
consign,1
fugitives,1
brittle,1
expedite,1
gloominess,1
passionate,1
heights,1
theory,1
incumbrance,1
plunged,1
baseball,1
fading,1
greatcoated,1
othello,1
lieutenants,1
steak,1
trophies,1
workbags,1
aladdin,1
criticising,1
perplexing,1
scull,1
pym,1
chearfully,1
beneficence,1
ungraciousness,1
rapacity,1
valleys,1
abstruse,1
edited,1
marys,1
squares,1
supplement,1
cradle,1
cloudy,1
snugly,1
carpeted,1
rambler,1
mouse,1
compute,1
liveable,1
commented,1
pitifullest,1
headaches,1
presumptuous,1
courcys,1
talbot,1
polydore,1
coachbox,1
chearful,1
lancastrian,1
redress,1
bruised,1
privateers,1
misconstructions,1
susceptibilities,1
sterne,1
redder,1
montoni,1
murderer,1
adequately,1
maddoxes,1
aggravated,1
turnip,1
swain,1
damsels,1
scaffold,1
stingy,1
intrigues,1
summaries,1
tiled,1
usages,1
perticular,1
imaged,1
shaving,1
maclean,1
rekindling,1
waxen,1
planets,1
preaches,1
helps,1
soberer,1
wetter,1
unpunished,1
penalty,1
unbidden,1
enigmas,1
leniently,1
livelihood,1
cloathes,1
comical,1
slippers,1
mistook,1
closure,1
pretext,1
fastener,1
algebra,1
olivers,1
awkwardest,1
uphill,1
drawbridge,1
sheer,1
transcribing,1
outstepped,1
brewing,1
erroneous,1
pedantic,1
mingling,1
clerical,1
salad,1
appeals,1
pretends,1
cutlets,1
whirl,1
unproductively,1
felicitous,1
threading,1
curtsies,1
metal,1
undiscovered,1
costliness,1
semicircular,1
doubling,1
attentiveness,1
corners,1
indubitably,1
kettle,1
texts,1
beatings,1
critics,1
conciliation,1
conclusive,1
rigid,1
governor,1
pervading,1
gadding,1
hail,1
betide,1
witted,1
herefordshire,1
inhale,1
interposing,1
ungallant,1
rebellious,1
astonishes,1
intervened,1
neighbourhoods,1
troubling,1
probity,1
indistinctly,1
hunts,1
undesirableness,1
lavish,1
canary,1
devizes,1
suites,1
sneaked,1
undeceived,1
woolwich,1
playfellow,1
uncongenial,1
heartburnings,1
alloyed,1
vision,1
cooling,1
humane,1
deciphered,1
pervert,1
expectant,1
enters,1
encumber,1
wormed,1
fortheringay,1
stanley,1
seminaries,1
achieving,1
reservations,1
bahama,1
ailed,1
nuts,1
flag,1
overlooking,1
prophesied,1
walcot,1
christchurch,1
tardiness,1
teachableness,1
piety,1
epilogue,1
cleverest,1
pet,1
tittle,1
lacing,1
dexterously,1
reanimation,1
faints,1
gracefull,1
annoyed,1
nourishes,1
rail,1
cooking,1
election,1
abridgement,1
unsolicitous,1
hazel,1
needles,1
fait,1
edify,1
comprehensible,1
winner,1
milestone,1
endears,1
monied,1
nurseries,1
personae,1
committee,1
tinged,1
practicability,1
stimulate,1
flame,1
aggrandise,1
unmirthful,1
interior,1
baking,1
healed,1
randall,1
pillars,1
kinnons,1
defense,1
benefits,1
constitute,1
incommode,1
benignant,1
comprehends,1
extinguish,1
scrawl,1
necks,1
dryer,1
facilitate,1
rapt,1
arbiters,1
surmising,1
clatter,1
blunted,1
fricassee,1
messrs,1
irrisistable,1
untimely,1
frailty,1
moralize,1
irony,1
climbing,1
plods,1
frights,1
fitly,1
deathlike,1
texture,1
swiftness,1
brained,1
quizzing,1
idler,1
belie,1
abstinence,1
driver,1
juniors,1
heaved,1
hectic,1
valetudinarian,1
citizen,1
sleek,1
conservatory,1
transpires,1
fade,1
esqre,1
stratagems,1
torrent,1
unyielding,1
hurricane,1
glimpses,1
bled,1
gasp,1
exciter,1
humphing,1
executing,1
infantry,1
mimic,1
ladylike,1
mathematician,1
enslaved,1
minuet,1
convinces,1
reveal,1
grantley,1
sloane,1
colonels,1
excursus,1
thistles,1
loyalty,1
fastidiousness,1
squareness,1
harshest,1
alley,1
binding,1
exemplification,1
nurture,1
minced,1
divined,1
gingerbread,1
negatives,1
patch,1
treasuring,1
misgave,1
stagger,1
illustrate,1
barefaced,1
iniquitous,1
abound,1
sketched,1
deals,1
superannuated,1
insurmountable,1
rear,1
indenture,1
sighings,1
bough,1
training,1
centred,1
strokes,1
prosper,1
mobs,1
stipulated,1
wipe,1
boatswain,1
unsullied,1
haberdasher,1
disputing,1
discreetly,1
contingencies,1
arrow,1
aspires,1
jockey,1
heavier,1
clement,1
oakham,1
rein,1
genuinely,1
slender,1
vext,1
smoking,1
recognising,1
croaking,1
trotted,1
winded,1
adjoined,1
unexplored,1
curtsied,1
frenchwoman,1
chase,1
driest,1
mournful,1
rice,1
wins,1
relic,1
divested,1
nymph,1
glenford,1
neville,1
griefs,1
slacken,1
diluted,1
transacted,1
catalogue,1
frequenting,1
thickest,1
wary,1
preferences,1
inexplicability,1
joyfulness,1
redden,1
chivalry,1
yawns,1
cheerer,1
barnes,1
southward,1
lamb,1
ox,1
effaced,1
dreary,1
causers,1
sordid,1
savings,1
friendliest,1
tenantry,1
frankland,1
executor,1
grasped,1
decaying,1
dissipating,1
summary,1
seams,1
festoons,1
unbound,1
liturgy,1
trollopy,1
drawbacks,1
accompaniments,1
apparents,1
hood,1
spinet,1
zephyr,1
reposes,1
emmeline,1
duchess,1
prudential,1
installed,1
remembers,1
reaped,1
sessions,1
grierson,1
shakes,1
ire,1
alcove,1
habitually,1
languidly,1
undertones,1
inconveniently,1
snows,1
detriment,1
manliness,1
nov,1
peevishness,1
servility,1
dedication,1
pinny,1
clamour,1
mantel,1
gapes,1
testimonies,1
verb,1
fruition,1
tenfold,1
rum,1
conundrums,1
restricted,1
gains,1
applicants,1
prizes,1
fallow,1
matchmaking,1
pattens,1
inapplicable,1
chaises,1
fewest,1
immortalised,1
limiting,1
wig,1
disesteem,1
narrowness,1
rearing,1
dissipate,1
explored,1
announces,1
provokes,1
pidgeon,1
exuberant,1
curiosities,1
abbreviation,1
indecisive,1
grazier,1
wriggles,1
jig,1
monastic,1
unseasonable,1
philosophers,1
mourned,1
rhyming,1
distinguishes,1
fidgetings,1
distinctness,1
walsh,1
deckers,1
amplifying,1
grandpapas,1
wheres,1
vous,1
blankets,1
unappeasable,1
prefaced,1
involves,1
powdering,1
coverley,1
envelop,1
singularity,1
hopelessness,1
fortifying,1
inscriptions,1
dyed,1
inadmissibility,1
traduced,1
observes,1
commissioning,1
distrusts,1
unlock,1
fronts,1
tameness,1
unprecedented,1
solicitously,1
porker,1
weighs,1
picnic,1
defrauding,1
rebel,1
naturedly,1
successor,1
executors,1
discreditable,1
chawton,1
artistic,1
disengagement,1
hilarity,1
sourness,1
sheriff,1
withholding,1
rally,1
fray,1
rocky,1
twisting,1
guesses,1
reassure,1
bonnets,1
antechamber,1
wool,1
memorial,1
clothing,1
wretchedest,1
disagreeableness,1
shreiked,1
donalds,1
perfidy,1
bookbinder,1
rebuke,1
misleading,1
storing,1
hearth,1
packages,1
thickly,1
outstretched,1
streights,1
blighted,1
misty,1
temperament,1
spendthrift,1
divinity,1
decayed,1
magnificence,1
swift,1
retraction,1
lounge,1
impregnable,1
stones,1
knights,1
milk,1
dubious,1
briskness,1
incident,1
seasoning,1
alledged,1
converting,1
phillip,1
monosyllable,1
coaching,1
casts,1
extolling,1
monkey,1
genteelly,1
porridge,1
wolfenbach,1
expires,1
reversing,1
progressively,1
carpenters,1
unsheltered,1
relapsed,1
slatternly,1
shadows,1
lieut,1
inelegance,1
importation,1
murmured,1
composing,1
alludes,1
pike,1
bulls,1
ensign,1
custody,1
grain,1
gargery,1
unworthiness,1
mortgage,1
milkmen,1
landaulette,1
mischievousness,1
belinda,1
siding,1
satire,1
cloister,1
unhandsome,1
predetermination,1
trio,1
unquestionable,1
waverings,1
unevenness,1
donkeys,1
terseness,1
scots,1
interred,1
requester,1
perdu,1
babel,1
detestably,1
scrutinies,1
entertainingly,1
stevenson,1
printer,1
staggering,1
stead,1
homage,1
insertion,1
publishes,1
chaperones,1
abyss,1
indiscriminating,1
bewailing,1
prophesy,1
lawlessness,1
absorbed,1
preeminent,1
purposed,1
allot,1
scrupulously,1
hospitably,1
curtseys,1
nervously,1
dublin,1
opportune,1
misconceptions,1
deigning,1
unattempted,1
finessed,1
writings,1
chearfullness,1
banquo,1
realm,1
jot,1
spokesman,1
depreciate,1
overpaid,1
enthusiasts,1
parlors,1
scratch,1
compliant,1
hairs,1
disagrees,1
holy,1
gutters,1
keynsham,1
companionship,1
perfected,1
tout,1
lapse,1
misspent,1
complimenter,1
housebreaking,1
adopting,1
nymphs,1
concerted,1
seconding,1
petrified,1
peaches,1
stem,1
polluted,1
derogatory,1
poets,1
upwards,1
heave,1
recapitulation,1
authentic,1
portray,1
ague,1
apron,1
unaccountableness,1
prologue,1
diet,1
uplifted,1
forsters,1
deaden,1
amateur,1
traded,1
obligated,1
transformed,1
subtleties,1
unsuccessful,1
dragoons,1
breeches,1
staunch,1
furlongs,1
julius,1
geraniums,1
uninviting,1
adventuring,1
unclosed,1
slices,1
curls,1
unmentioned,1
acquiring,1
lenity,1
kays,1
unmajestic,1
raleigh,1
ormond,1
excellency,1
warded,1
blenheim,1
scarborough,1
dooming,1
dislocated,1
outweighed,1
bystanders,1
rote,1
ensemble,1
palace,1
slap,1
procrastinating,1
mickleham,1
admits,1
wilford,1
surprizing,1
languishing,1
stigma,1
cork,1
tenements,1
defeating,1
warnings,1
russia,1
indiscriminately,1
exhaust,1
broadway,1
coachmen,1
diminushed,1
arrogant,1
undeserved,1
querulous,1
compensation,1
extorting,1
caressing,1
incumbrances,1
unbelieving,1
dissenting,1
resistless,1
nun,1
misgive,1
encountering,1
gods,1
introduces,1
stilton,1
disgusts,1
vehicle,1
enchanting,1
infirmities,1
supped,1
bravery,1
barbarity,1
interveiws,1
pollution,1
garrets,1
stationer,1
climes,1
disingenuous,1
moulding,1
twelfth,1
skulker,1
keenness,1
illumined,1
minding,1
amber,1
counteractions,1
befriend,1
dispelled,1
overlooks,1
fashionably,1
obliterate,1
whereupon,1
depredations,1
laity,1
nobler,1
predominate,1
unabashed,1
cogent,1
supreme,1
apologized,1
pinching,1
militate,1
unexhilarating,1
transmitting,1
drivers,1
rumford,1
brockham,1
ruled,1
boxed,1
almshouses,1
buns,1
doom,1
sharer,1
abstained,1
insensibly,1
rued,1
disentangled,1
greive,1
macduffs,1
manifold,1
aught,1
exhilaration,1
tradespeople,1
sparingly,1
dressy,1
exacted,1
sullying,1
toilettes,1
canter,1
evanescent,1
harrison,1
imparting,1
engrosses,1
festivity,1
houseroom,1
artifices,1
proclaims,1
lefroy,1
dishonest,1
prints,1
impudently,1
arranger,1
wherewith,1
warrior,1
knolls,1
schoolboys,1
sickening,1
gossips,1
convivial,1
outree,1
demurred,1
unbleached,1
espoused,1
fractured,1
denmark,1
shrewish,1
instigated,1
rates,1
tip,1
imitators,1
sheds,1
prearranged,1
becomingness,1
cabin,1
aimable,1
absorbing,1
foppery,1
bravado,1
lectured,1
broadly,1
notorious,1
notwithstanding,1
carmarthen,1
untidy,1
freckled,1
disturbers,1
bakewell,1
unfruitful,1
moiety,1
tawny,1
ploughs,1
proverbial,1
armed,1
dispensation,1
writ,1
haunches,1
fifteenth,1
definable,1
sewell,1
polish,1
enhanced,1
errantry,1
canst,1
pox,1
overthrowing,1
bets,1
subjoin,1
swears,1
funds,1
decrepitude,1
chandler,1
signifies,1
pill,1
hues,1
relapsing,1
boils,1
bake,1
adair,1
conditioning,1
incongruous,1
erasing,1
brat,1
flambeau,1
suspence,1
consonance,1
marmalade,1
brawn,1
shudder,1
stylishness,1
rending,1
pantries,1
et,1
warrants,1
disturber,1
endymion,1
tosses,1
undiscerned,1
bandied,1
dec,1
credited,1
overhearings,1
unequally,1
harringtons,1
creative,1
glen,1
booksellers,1
treaty,1
dolls,1
reversed,1
apoplectic,1
thrives,1
lookings,1
myrtle,1
implicated,1
garrison,1
readings,1
incommoding,1
fenced,1
exult,1
wedging,1
rudely,1
uncordial,1
retarded,1
sarcastically,1
amicable,1
louise,1
pins,1
unpropitious,1
paraded,1
thinning,1
swearing,1
instants,1
incomes,1
recurrences,1
transformation,1
espionage,1
closeted,1
toilett,1
antichambers,1
catholics,1
faintly,1
exceptional,1
susceptibility,1
ensigncy,1
soured,1
alienable,1
bawling,1
jesting,1
mull,1
lassitude,1
vide,1
infatuating,1
lolling,1
bet,1
deanery,1
pipe,1
timbers,1
justest,1
palpitations,1
enjoyable,1
efficacious,1
domestics,1
acceding,1
connoisseur,1
futurity,1
favourer,1
lank,1
ascribed,1
extremities,1
understrappers,1
slippery,1
freak,1
fraud,1
loneliness,1
goodhumoured,1
transgression,1
staves,1
severally,1
rivulets,1
characterise,1
howsoever,1
transporting,1
villages,1
touchstone,1
killing,1
unreasonableness,1
glued,1
merchandise,1
cotillions,1
hume,1
funded,1
forehead,1
newfoundland,1
ravenshaws,1
sharply,1
cheltenham,1
chills,1
longings,1
unimpeded,1
decorated,1
authenticity,1
erratic,1
deluded,1
billet,1
harpsichord,1
fordyce,1
hatefully,1
edw,1
kympton,1
intimidated,1
undoubtingly,1
winks,1
puncture,1
thoroughfare,1
drays,1
sparrows,1
unreservedly,1
caper,1
fairness,1
idiot,1
uncandid,1
fared,1
imploring,1
regaled,1
sneered,1
tragedians,1
lubberly,1
cups,1
incongruity,1
expiration,1
corresponds,1
emminent,1
webbs,1
peak,1
jacket,1
disqualifications,1
beautifying,1
walkers,1
shabbiness,1
brickbat,1
ton,1
equinox,1
irrelevant,1
procession,1
exposes,1
auxiliary,1
immaterial,1
appendages,1
medals,1
attired,1
bernards,1
delivering,1
weighty,1
rheumatisms,1
lief,1
splendidly,1
villainy,1
complicate,1
barrel,1
housekeepers,1
patronized,1
ungraceful,1
scrupulousness,1
debatings,1
crabbe,1
persuasive,1
lordship,1
incurably,1
sheepskin,1
discontinuing,1
milmans,1
aspersion,1
gibberish,1
deliberations,1
faintings,1
advises,1
vilified,1
heinous,1
racked,1
mosquitoes,1
meritorious,1
woodby,1
trafalgar,1
frequenters,1
disproportionate,1
asia,1
rusticity,1
predicted,1
eastward,1
grog,1
anywise,1
betweens,1
placidity,1
rivetts,1
kickabout,1
tudor,1
fitzowen,1
coherent,1
branched,1
hardily,1
moss,1
westerly,1
obscure,1
indisputably,1
roaring,1
widowhood,1
captives,1
repassing,1
secreted,1
wring,1
necked,1
knapsack,1
swimming,1
moorings,1
hulk,1
maxwell,1
freshest,1
parsnip,1
scandalously,1
weltering,1
enlivening,1
eloisas,1
profuse,1
reappear,1
punch,1
smirks,1
epithet,1
motherbank,1
smacked,1
parsonages,1
tambour,1
unceremonious,1
impediments,1
audacious,1
anchor,1
practical,1
darkened,1
stifling,1
missionary,1
sixpences,1
stationing,1
rarity,1
precedent,1
constituted,1
insinuated,1
buckles,1
nap,1
receipts,1
ragout,1
bayes,1
incalculable,1
tempests,1
millinery,1
prevention,1
hoop,1
spies,1
midland,1
divining,1
footed,1
wakefield,1
novitiate,1
fancifulness,1
poisoned,1
lindsay,1
sully,1
piercing,1
devereux,1
implacability,1
fourthly,1
stuffed,1
irritates,1
bores,1
chick,1
transpire,1
eton,1
burlesque,1
pit,1
shamefaced,1
tobacco,1
animals,1
frauds,1
mules,1
extracted,1
squabbles,1
fracas,1
apoplexy,1
glibly,1
mania,1
palpable,1
witches,1
emmas,1
beaulieu,1
oddity,1
occupies,1
northwards,1
untitled,1
widen,1
toilet,1
grandmamma,1
thompson,1
wash,1
caractacus,1
anthony,1
sponsors,1
fiftieth,1
tendered,1
envyings,1
tumbler,1
loth,1
angles,1
scornful,1
consigning,1
rapping,1
improvable,1
gentry,1
dismission,1
deceives,1
construing,1
explicitly,1
cramps,1
parliaments,1
expedited,1
recomposed,1
jade,1
stings,1
mournfully,1
festivities,1
storming,1
prescott,1
tirocinium,1
exercises,1
gayest,1
snatch,1
therfore,1
serene,1
ruinous,1
default,1
roger,1
smitten,1
outweighs,1
shuddering,1
capo,1
haggard,1
retrenchment,1
endangering,1
severed,1
perfume,1
commiserated,1
sullenly,1
trip,1
foiled,1
button,1
prodigies,1
unsentimental,1
inclining,1
charectarestic,1
valuables,1
giants,1
superfluous,1
venus,1
inflexibly,1
stateliness,1
retaliate,1
contemporaries,1
edgeworth,1
thirds,1
supplies,1
originality,1
horridest,1
sampler,1
gusts,1
shirts,1
slaves,1
adapting,1
abstract,1
monotony,1
passionnees,1
torturing,1
turnips,1
waltz,1
dumpling,1
pensiveness,1
hamiltons,1
broiled,1
cheifly,1
surmount,1
ultimately,1
profligate,1
preyed,1
islands,1
particularize,1
tremulously,1
deviated,1
repossessed,1
appalled,1
potatoes,1
cassiopeia,1
shrank,1
cramped,1
diseased,1
adversary,1
thaw,1
slander,1
sire,1
dungeon,1
extractions,1
cassandra,1
slang,1
banditti,1
streamed,1
rubs,1
chaplains,1
consolations,1
unattainable,1
urn,1
ocean,1
consumptive,1
limitations,1
appealing,1
rigmerole,1
eclipsed,1
ablution,1
impressive,1
barren,1
sometime,1
outstayed,1
profound,1
passports,1
concealments,1
lectures,1
diversities,1
unceasingly,1
contagion,1
supine,1
forestalling,1
interpret,1
defeat,1
inquietudes,1
expostulate,1
painfull,1
miscreant,1
eater,1
imprison,1
assents,1
undutiful,1
styled,1
beetle,1
rudiments,1
aubin,1
haughtiness,1
cloisters,1
leafless,1
arched,1
furlong,1
execute,1
heterogeneous,1
resolves,1
boiling,1
whiten,1
reprehension,1
deluding,1
chairwomen,1
deuce,1
predecessors,1
marina,1
refusals,1
scrutiny,1
bowl,1
certainties,1
patronize,1
boatmen,1
blockheads,1
funereal,1
curiously,1
depose,1
joyously,1
overcareful,1
repinings,1
cambric,1
devolved,1
bottoms,1
assizes,1
sinner,1
flurried,1
furnishes,1
christians,1
bickerings,1
shipwreck,1
arming,1
ross,1
injudiciously,1
plates,1
bluntness,1
misapply,1
dews,1
contemptibly,1
oval,1
adores,1
dissapointment,1
suiting,1
arranges,1
paler,1
connoisseurship,1
encoding,1
unabsurd,1
suppressing,1
condescensions,1
invective,1
beachey,1
coupled,1
vagaries,1
stooped,1
abolishing,1
appertain,1
impunity,1
weakest,1
untied,1
salmon,1
choked,1
spelt,1
beckoning,1
blains,1
younker,1
pierce,1
plied,1
sincerest,1
pulses,1
commence,1
elephant,1
slammed,1
blocked,1
incog,1
abolish,1
contaminated,1
flogged,1
imitations,1
peep,1
candidates,1
dugdale,1
reverses,1
suavity,1
cleanliness,1
sexes,1
civilized,1
consist,1
ruffle,1
consistence,1
copses,1
sandcroft,1
strengthener,1
blacksmith,1
insanity,1
incitements,1
doth,1
drugs,1
worthies,1
spurn,1
sympathiser,1
deceptions,1
spectacle,1
berkshire,1
printshops,1
rhime,1
streephon,1
entailing,1
metcalf,1
impracticable,1
honeysuckles,1
infants,1
tattersall,1
swinging,1
disposes,1
prompting,1
imbecility,1
socket,1
disjointed,1
trespassed,1
ray,1
regulators,1
sidegate,1
coop,1
exploits,1
collector,1
drakes,1
indiscreetly,1
glossed,1
cakes,1
da,1
denominated,1
paintings,1
bribery,1
minehead,1
passer,1
broodings,1
innkeepers,1
forehand,1
haggling,1
claverton,1
tittuppy,1
amenable,1
tops,1
caesar,1
tintern,1
researches,1
squabble,1
quicksighted,1
pencilled,1
gammon,1
loading,1
betrayer,1
flourished,1
highflown,1
volatility,1
dovedale,1
trout,1
recede,1
colourless,1
controlled,1
unpleasantest,1
perth,1
insolvent,1
rubbish,1
bustling,1
archway,1
wafted,1
clash,1
talkativeness,1
preached,1
remarked,1
detract,1
nabobs,1
dependencies,1
overwhelmed,1
foggy,1
remedied,1
shylock,1
greenroom,1
browne,1
metamorphosis,1
coze,1
untameable,1
notched,1
adherence,1
encreasing,1
spasms,1
illusion,1
blindly,1
stomacher,1
cellars,1
skirting,1
machines,1
equalling,1
supportable,1
againsts,1
sequestration,1
gooseberry,1
coax,1
marshall,1
repenting,1
forded,1
homely,1
inherits,1
sacks,1
accepts,1
quantities,1
perversely,1
despotic,1
bonmots,1
poney,1
bitch,1
sweetmeats,1
awhile,1
inclosing,1
balanced,1
accessions,1
wronging,1
distantly,1
collectively,1
repulses,1
ruffled,1
quiescent,1
shawls,1
extremes,1
scorns,1
turner,1
trusts,1
glide,1
bushel,1
paradings,1
plainest,1
mutterings,1
abjuring,1
folios,1
tanned,1
unprotected,1
splitters,1
oracle,1
disagreeables,1
poisonous,1
relators,1
heels,1
fag,1
banishment,1
escorting,1
tripped,1
duberley,1
enclosing,1
slattern,1
affix,1
auburn,1
staines,1
succeeds,1
heartening,1
fidgety,1
untamed,1
swooning,1
spoiling,1
distributor,1
staff,1
fairbanks,1
unlink,1
periodic,1
succour,1
worthiest,1
suitor,1
stammered,1
fir,1
mountain,1
intruded,1
imagery,1
publishing,1
expend,1
financial,1
bout,1
scrupling,1
practically,1
brood,1
daggers,1
shuffling,1
modified,1
dotted,1
priory,1
enfeebled,1
retailed,1
hinder,1
metaphor,1
option,1
idled,1
vigor,1
sharpe,1
surplice,1
deterred,1
murmurings,1
originator,1
reclining,1
notifies,1
pimples,1
mound,1
indemnity,1
facility,1
prescriptions,1
codes,1
conspired,1
honorable,1
newsletter,1
popt,1
nurses,1
shrugging,1
poplars,1
inaccurate,1
vacate,1
twould,1
relics,1
stupified,1
bluntly,1
fretful,1
blights,1
disclaimers,1
transcription,1
ho,1
educational,1
sagaciously,1
enamoured,1
calming,1
resuscitation,1
infringement,1
dissented,1
amended,1
professor,1
residue,1
machine,1
includes,1
lombardy,1
discontinue,1
director,1
downloading,1
hoarded,1
despatching,1
pacified,1
specific,1
dennison,1
rascally,1
complicated,1
quivered,1
slighter,1
types,1
gbnewby,1
dartford,1
hanger,1
compilation,1
maximum,1
forfeiting,1
bigger,1
exporting,1
indemnify,1
paperwork,1
demur,1
ensuring,1
proprietary,1
network,1
ebullition,1
recreating,1
scorning,1
incitement,1
cries,1
mississippi,1
disobedient,1
despite,1
expand,1
taverns,1
unwarily,1
nests,1
solidly,1
entry,1
accustom,1
obstructed,1
donation,1
stupor,1
proofread,1
flourish,1
updated,1
prosecution,1
virus,1
deletions,1
unremitting,1
augmenting,1
pint,1
melan,1
irs,1
intents,1
conning,1
expatiate,1
sobered,1
glebe,1
data,1
whiled,1
reckons,1
bonomi,1
deductible,1
abbeyland,1
whiter,1
scrawls,1
conjurer,1
martha,1
banns,1
unexpressed,1
unobtrusiveness,1
merchantibility,1
accelerate,1
intuitively,1
unenforceability,1
huswifes,1
reconsider,1
retrenched,1
awaking,1
hardening,1
unfulfilled,1
enfranchisement,1
befalls,1
incoherently,1
unsettle,1
redistribute,1
modification,1
identification,1
goals,1
relent,1
hearer,1
interspersed,1
flaring,1
grudge,1
jilting,1
swamp,1
burgess,1
labor,1
comforter,1
wettest,1
interviews,1
unpardoned,1
violates,1
undeceiving,1
reparation,1
braving,1
nerve,1
ruling,1
stored,1
unlover,1
sheath,1
obviated,1
irreparable,1
tract,1
punitive,1
tediously,1
familiarized,1
dilatoriness,1
thunderbolt,1
entanglement,1
comer,1
renamed,1
invalidity,1
ninny,1
checks,1
dissembling,1
godby,1
ash,1
employee,1
appetites,1
discussions,1
donors,1
sensitive,1
fundraising,1
pg,1
galling,1
auspicious,1
corrupt,1
bluster,1
tablecloth,1
fled,1
outdated,1
accessed,1
hypertext,1
nuncheon,1
pasturage,1
expensiveness,1
ein,1
ak,1
auspiciously,1
hussy,1
cats,1
demonstrations,1
binary,1
unitedly,1
damaged,1
disinherited,1
foreplanned,1
reproving,1
ut,1
spasm,1
acacia,1
drury,1
untried,1
bribing,1
acceptably,1
giggling,1
abridge,1
nonproprietary,1
organized,1
transcribe,1
intoxication,1
reproachfully,1
improvident,1
breakfasting,1
processing,1
wrung,1
enormously,1
indicating,1
extremest,1
international,1
newby,1
lingered,1
unamiable,1
disk,1
sections,1
unforeseen,1
decrease,1
nipped,1
expel,1
couched,1
froid,1
benefactress,1
provident,1
servilely,1
